,Model,Sharpe,Return,Std
119,mw_1.0_lambda_100_pred_Price MA_opt_MVO_alpha_0_cvarmethod_na,36.46252084044027,0.010760434612328632,0.0002951094538804987
179,mw_1.0_lambda_100_pred_Decision Tree_opt_MVO_alpha_0_cvarmethod_na,34.78220313521445,0.010830252385272274,0.00031137338664747867
59,mw_1.0_lambda_100_pred_Factor Model_opt_MVO_alpha_0_cvarmethod_na,32.56062024597615,0.010220290365368763,0.0003138850024403877
118,mw_1.0_lambda_50_pred_Price MA_opt_MVO_alpha_0_cvarmethod_na,20.258783441147315,0.011363965571964015,0.0005609401771323955
58,mw_1.0_lambda_50_pred_Factor Model_opt_MVO_alpha_0_cvarmethod_na,17.431708695272125,0.01018845428310513,0.0005844782322382699
178,mw_1.0_lambda_50_pred_Decision Tree_opt_MVO_alpha_0_cvarmethod_na,15.91199968192027,0.01142446736740418,0.0007179781043098581
53,mw_0.8_lambda_100_pred_Factor Model_opt_MVO_alpha_0_cvarmethod_na,9.002326591022934,0.013001861417721836,0.001444277908189558
52,mw_0.8_lambda_50_pred_Factor Model_opt_MVO_alpha_0_cvarmethod_na,8.924436682261652,0.013203612649992555,0.001479489756057798
113,mw_0.8_lambda_100_pred_Price MA_opt_MVO_alpha_0_cvarmethod_na,8.598247776813974,0.013102200608607987,0.001523822172691902
173,mw_0.8_lambda_100_pred_Decision Tree_opt_MVO_alpha_0_cvarmethod_na,8.442698973548124,0.0133533593529372,0.0015816457977211671
112,mw_0.8_lambda_50_pred_Price MA_opt_MVO_alpha_0_cvarmethod_na,8.122775933880988,0.013437533032003611,0.0016543030537078081
172,mw_0.8_lambda_50_pred_Decision Tree_opt_MVO_alpha_0_cvarmethod_na,7.178261931240236,0.014790787259780778,0.0020604970118755857
117,mw_1.0_lambda_10_pred_Price MA_opt_MVO_alpha_0_cvarmethod_na,5.372348388883601,0.01693454459592171,0.003152167985040298
46,mw_0.6000000000000001_lambda_50_pred_Factor Model_opt_MVO_alpha_0_cvarmethod_na,4.9436646152961705,0.01554156182541251,0.0031437330472066072
47,mw_0.6000000000000001_lambda_100_pred_Factor Model_opt_MVO_alpha_0_cvarmethod_na,4.898827487945916,0.015483050343324993,0.003160562477740373
107,mw_0.6000000000000001_lambda_100_pred_Price MA_opt_MVO_alpha_0_cvarmethod_na,4.846581301956122,0.015633614319558505,0.0032256993838623207
167,mw_0.6000000000000001_lambda_100_pred_Decision Tree_opt_MVO_alpha_0_cvarmethod_na,4.736679727514587,0.015989508928674543,0.003375678713465497
106,mw_0.6000000000000001_lambda_50_pred_Price MA_opt_MVO_alpha_0_cvarmethod_na,4.717130449542382,0.01602469753116892,0.0033971283394809457
111,mw_0.8_lambda_10_pred_Price MA_opt_MVO_alpha_0_cvarmethod_na,4.670015878738386,0.018985905891575894,0.004065490650259839
166,mw_0.6000000000000001_lambda_50_pred_Decision Tree_opt_MVO_alpha_0_cvarmethod_na,4.559824452350266,0.01671689732858046,0.0036661273922429377
51,mw_0.8_lambda_10_pred_Factor Model_opt_MVO_alpha_0_cvarmethod_na,4.257772306894134,0.010614309492024248,0.0024929255786735435
45,mw_0.6000000000000001_lambda_10_pred_Factor Model_opt_MVO_alpha_0_cvarmethod_na,4.094267738407958,0.014516179379936597,0.0035454885482357735
177,mw_1.0_lambda_10_pred_Decision Tree_opt_MVO_alpha_0_cvarmethod_na,4.08053651009272,0.01291473159013352,0.0031649592052884405
57,mw_1.0_lambda_10_pred_Factor Model_opt_MVO_alpha_0_cvarmethod_na,4.012957634343101,0.008560668124679543,0.0021332565416133224
105,mw_0.6000000000000001_lambda_10_pred_Price MA_opt_MVO_alpha_0_cvarmethod_na,3.8283478492479275,0.020174418063255588,0.00526974529423151
44,mw_0.6000000000000001_lambda_5_pred_Factor Model_opt_MVO_alpha_0_cvarmethod_na,3.564577916147525,0.01568137482569337,0.004399223468971403
171,mw_0.8_lambda_10_pred_Decision Tree_opt_MVO_alpha_0_cvarmethod_na,3.4985645602790947,0.01807017946778997,0.005165026729233328
116,mw_1.0_lambda_5_pred_Price MA_opt_MVO_alpha_0_cvarmethod_na,3.4748008384401015,0.02178959419729716,0.006270746212631538
110,mw_0.8_lambda_5_pred_Price MA_opt_MVO_alpha_0_cvarmethod_na,3.3957826305136436,0.021908188673482352,0.006451587471065112
101,mw_0.4_lambda_100_pred_Price MA_opt_MVO_alpha_0_cvarmethod_na,3.3876378504522613,0.020416240022396996,0.006026689074710674
41,mw_0.4_lambda_100_pred_Factor Model_opt_MVO_alpha_0_cvarmethod_na,3.369170916450283,0.020615076145191133,0.006118738602585031
100,mw_0.4_lambda_50_pred_Price MA_opt_MVO_alpha_0_cvarmethod_na,3.3549708189848557,0.020693889466918126,0.006168128005709351
50,mw_0.8_lambda_5_pred_Factor Model_opt_MVO_alpha_0_cvarmethod_na,3.341472350026426,0.010094734571474707,0.0030210438734873486
40,mw_0.4_lambda_50_pred_Factor Model_opt_MVO_alpha_0_cvarmethod_na,3.3166197188655713,0.021129264380228538,0.006370722654768413
161,mw_0.4_lambda_100_pred_Decision Tree_opt_MVO_alpha_0_cvarmethod_na,3.2446828096059166,0.021967617513105095,0.006770343605874121
104,mw_0.6000000000000001_lambda_5_pred_Price MA_opt_MVO_alpha_0_cvarmethod_na,3.1917065459298573,0.024013214743584952,0.007523628628768267
165,mw_0.6000000000000001_lambda_10_pred_Decision Tree_opt_MVO_alpha_0_cvarmethod_na,3.0968290610169475,0.025541156804963397,0.008247519091859756
160,mw_0.4_lambda_50_pred_Decision Tree_opt_MVO_alpha_0_cvarmethod_na,3.0844206927541586,0.024079006159387698,0.007806654330893796
39,mw_0.4_lambda_10_pred_Factor Model_opt_MVO_alpha_0_cvarmethod_na,2.9387601566525254,0.0260931423494359,0.008878962881801828
99,mw_0.4_lambda_10_pred_Price MA_opt_MVO_alpha_0_cvarmethod_na,2.8731122086825653,0.02659781786402598,0.009257493593061623
159,mw_0.4_lambda_10_pred_Decision Tree_opt_MVO_alpha_0_cvarmethod_na,2.7527062514765044,0.031015835364280868,0.011267397437574208
164,mw_0.6000000000000001_lambda_5_pred_Decision Tree_opt_MVO_alpha_0_cvarmethod_na,2.7521772968975013,0.03364037775231668,0.012223186998250113
38,mw_0.4_lambda_5_pred_Factor Model_opt_MVO_alpha_0_cvarmethod_na,2.72408470736196,0.031022250175885287,0.011388137120716648
170,mw_0.8_lambda_5_pred_Decision Tree_opt_MVO_alpha_0_cvarmethod_na,2.661774675082122,0.028803114875746032,0.010821019203985547
176,mw_1.0_lambda_5_pred_Decision Tree_opt_MVO_alpha_0_cvarmethod_na,2.5896442735856993,0.015120755232876395,0.005838931388031817
207,mw_0.6000000000000001_lambda_0_pred_na_opt_cvar_alpha_0.05_cvarmethod_Historical,2.5764634441043173,0.04938646666656246,0.019168316468674444
98,mw_0.4_lambda_5_pred_Price MA_opt_MVO_alpha_0_cvarmethod_na,2.5733063475171725,0.034466134442781925,0.013393716016764274
95,mw_0.2_lambda_100_pred_Price MA_opt_MVO_alpha_0_cvarmethod_na,2.5145565991378525,0.0283732492729773,0.011283599376011432
35,mw_0.2_lambda_100_pred_Factor Model_opt_MVO_alpha_0_cvarmethod_na,2.507328582100993,0.02854838191967657,0.01138597554523736
195,mw_0.2_lambda_0_pred_na_opt_cvar_alpha_0.5_cvarmethod_ARIMA-GARCH,2.495439753571514,0.1989744579077178,0.07973522807871532
34,mw_0.2_lambda_50_pred_Factor Model_opt_MVO_alpha_0_cvarmethod_na,2.4899945974769264,0.029044314296222777,0.011664408559622152
56,mw_1.0_lambda_5_pred_Factor Model_opt_MVO_alpha_0_cvarmethod_na,2.4863058145090706,0.0066747632265155375,0.00268461071343852
94,mw_0.2_lambda_50_pred_Price MA_opt_MVO_alpha_0_cvarmethod_na,2.4845084229279495,0.02922956677832332,0.01176472838996327
158,mw_0.4_lambda_5_pred_Decision Tree_opt_MVO_alpha_0_cvarmethod_na,2.467106463166726,0.0427923944984937,0.01734517546663401
155,mw_0.2_lambda_100_pred_Decision Tree_opt_MVO_alpha_0_cvarmethod_na,2.4660220750594877,0.03021533939784774,0.012252663795444272
154,mw_0.2_lambda_50_pred_Decision Tree_opt_MVO_alpha_0_cvarmethod_na,2.4291434765348447,0.03242253620473712,0.013347312136122823
203,mw_0.8_lambda_0_pred_na_opt_cvar_alpha_0.01_cvarmethod_Historical,2.398444261805243,0.07563123259076734,0.03153345432919996
184,mw_1.0_lambda_0_pred_na_opt_cvar_alpha_0.01_cvarmethod_ARIMA-GARCH,2.3962253823448862,0.1206626209535567,0.050355288714736546
11,mw_0.4_lambda_100_pred_Factor Model_opt_RMVO_alpha_0_cvarmethod_na,2.378670603265821,0.038133300030792204,0.016031349602772527
196,mw_0.4_lambda_0_pred_na_opt_cvar_alpha_0.5_cvarmethod_ARIMA-GARCH,2.368789665172538,0.19722620169941538,0.0832603268239309
197,mw_0.6000000000000001_lambda_0_pred_na_opt_cvar_alpha_0.5_cvarmethod_ARIMA-GARCH,2.361662086058376,0.19766167007892302,0.08369600005258211
33,mw_0.2_lambda_10_pred_Factor Model_opt_MVO_alpha_0_cvarmethod_na,2.3549004687358366,0.034416648238893656,0.014614905681075041
153,mw_0.2_lambda_10_pred_Decision Tree_opt_MVO_alpha_0_cvarmethod_na,2.3535584281882787,0.0402416311406021,0.017098207828041594
125,mw_0.2_lambda_100_pred_Decision Tree_opt_RMVO_alpha_0_cvarmethod_na,2.319863757833122,0.05533081710546139,0.02385089077694087
17,mw_0.6000000000000001_lambda_100_pred_Factor Model_opt_RMVO_alpha_0_cvarmethod_na,2.3139737089569685,0.028239364853818203,0.012203839976447785
194,mw_1.0_lambda_0_pred_na_opt_cvar_alpha_0.1_cvarmethod_ARIMA-GARCH,2.304936315490872,0.16624063756614815,0.07212374435201895
37,mw_0.4_lambda_1_pred_Factor Model_opt_MVO_alpha_0_cvarmethod_na,2.29312728206681,0.0386392133161562,0.01685000811700711
201,mw_0.4_lambda_0_pred_na_opt_cvar_alpha_0.01_cvarmethod_Historical,2.283228529924974,0.021451253845678888,0.009395140943856272
93,mw_0.2_lambda_10_pred_Price MA_opt_MVO_alpha_0_cvarmethod_na,2.2797888198946956,0.03822185402344801,0.016765523933577976
152,mw_0.2_lambda_5_pred_Decision Tree_opt_MVO_alpha_0_cvarmethod_na,2.274801167810191,0.048979157386294034,0.021531181748707825
151,mw_0.2_lambda_1_pred_Decision Tree_opt_MVO_alpha_0_cvarmethod_na,2.2542383758008695,0.05133935319695113,0.022774589301680068
189,mw_1.0_lambda_0_pred_na_opt_cvar_alpha_0.05_cvarmethod_ARIMA-GARCH,2.2514089503056316,0.14388005393365008,0.06390667227032129
32,mw_0.2_lambda_5_pred_Factor Model_opt_MVO_alpha_0_cvarmethod_na,2.236049545705934,0.04119291340845581,0.018422182767623318
131,mw_0.4_lambda_100_pred_Decision Tree_opt_RMVO_alpha_0_cvarmethod_na,2.22576101169884,0.0798380751095144,0.03587001240918359
150,mw_0.2_lambda_0.5_pred_Decision Tree_opt_MVO_alpha_0_cvarmethod_na,2.2071075818869774,0.05282241546307336,0.0239328684730051
123,mw_0.2_lambda_10_pred_Decision Tree_opt_RMVO_alpha_0_cvarmethod_na,2.203201740275666,0.05281263804529572,0.023970858900414525
191,mw_0.4_lambda_0_pred_na_opt_cvar_alpha_0.1_cvarmethod_ARIMA-GARCH,2.1996682498742826,0.10656863620220453,0.04844759486267769
187,mw_0.6000000000000001_lambda_0_pred_na_opt_cvar_alpha_0.05_cvarmethod_ARIMA-GARCH,2.1924250090424313,0.12293183131970811,0.056071168141527496
192,mw_0.6000000000000001_lambda_0_pred_na_opt_cvar_alpha_0.1_cvarmethod_ARIMA-GARCH,2.180460203546216,0.130718154892611,0.05994980081728438
71,mw_0.4_lambda_100_pred_Price MA_opt_RMVO_alpha_0_cvarmethod_na,2.1750761584553158,0.08170781995860546,0.037565498403804076
43,mw_0.6000000000000001_lambda_1_pred_Factor Model_opt_MVO_alpha_0_cvarmethod_na,2.171600154535639,0.032030319969886895,0.014749639754347895
124,mw_0.2_lambda_50_pred_Decision Tree_opt_RMVO_alpha_0_cvarmethod_na,2.1580983444776143,0.04930188773933681,0.022845060729274013
77,mw_0.6000000000000001_lambda_100_pred_Price MA_opt_RMVO_alpha_0_cvarmethod_na,2.1567353135093628,0.06737266358633258,0.031238262370131168
97,mw_0.4_lambda_1_pred_Price MA_opt_MVO_alpha_0_cvarmethod_na,2.140379949117433,0.09684834395291075,0.045248201840446756
122,mw_0.2_lambda_5_pred_Decision Tree_opt_RMVO_alpha_0_cvarmethod_na,2.134301881034507,0.04452988103296604,0.020863909378827976
188,mw_0.8_lambda_0_pred_na_opt_cvar_alpha_0.05_cvarmethod_ARIMA-GARCH,2.1242978345341315,0.13414613078374024,0.06314845715274155
190,mw_0.2_lambda_0_pred_na_opt_cvar_alpha_0.1_cvarmethod_ARIMA-GARCH,2.12009727315034,0.13135572776644625,0.06195740611998399
92,mw_0.2_lambda_5_pred_Price MA_opt_MVO_alpha_0_cvarmethod_na,2.1192823987100997,0.051159197361467824,0.024139868000888343
157,mw_0.4_lambda_1_pred_Decision Tree_opt_MVO_alpha_0_cvarmethod_na,2.119229211794671,0.09493217527963685,0.04479561472222415
182,mw_0.6000000000000001_lambda_0_pred_na_opt_cvar_alpha_0.01_cvarmethod_ARIMA-GARCH,2.1153993057250284,0.09401715281229786,0.04444416359495522
181,mw_0.4_lambda_0_pred_na_opt_cvar_alpha_0.01_cvarmethod_ARIMA-GARCH,2.107151870143286,0.0872148821507559,0.041389936523571653
70,mw_0.4_lambda_50_pred_Price MA_opt_RMVO_alpha_0_cvarmethod_na,2.1065023423890517,0.12526889822688228,0.05946772320452813
10,mw_0.4_lambda_50_pred_Factor Model_opt_RMVO_alpha_0_cvarmethod_na,2.0992176762913486,0.050092907872038364,0.023862655330025916
208,mw_0.8_lambda_0_pred_na_opt_cvar_alpha_0.05_cvarmethod_Historical,2.0910767833135053,0.027413427608420197,0.013109718316981683
96,mw_0.4_lambda_0.5_pred_Price MA_opt_MVO_alpha_0_cvarmethod_na,2.083833936922428,0.14802289045181685,0.07103391869624164
103,mw_0.6000000000000001_lambda_1_pred_Price MA_opt_MVO_alpha_0_cvarmethod_na,2.0769416962389537,0.09339783962570636,0.04496892705020876
186,mw_0.4_lambda_0_pred_na_opt_cvar_alpha_0.05_cvarmethod_ARIMA-GARCH,2.0733631395630225,0.12521070928471534,0.06039014917141069
5,mw_0.2_lambda_100_pred_Factor Model_opt_RMVO_alpha_0_cvarmethod_na,2.0689543562929953,0.050537586390381604,0.024426631857133497
204,mw_1.0_lambda_0_pred_na_opt_cvar_alpha_0.01_cvarmethod_Historical,2.068032546946951,0.0588286522982422,0.028446676231034806
209,mw_1.0_lambda_0_pred_na_opt_cvar_alpha_0.05_cvarmethod_Historical,2.0644675260501737,0.06145812795134024,0.029769481561632755
202,mw_0.6000000000000001_lambda_0_pred_na_opt_cvar_alpha_0.01_cvarmethod_Historical,2.050352750659741,0.06564716536301955,0.03201749813142948
193,mw_0.8_lambda_0_pred_na_opt_cvar_alpha_0.1_cvarmethod_ARIMA-GARCH,2.0355820852284103,0.11190458955460904,0.05497424563060662
23,mw_0.8_lambda_100_pred_Factor Model_opt_RMVO_alpha_0_cvarmethod_na,2.032351492498611,0.01908537784267713,0.009390785950718204
76,mw_0.6000000000000001_lambda_50_pred_Price MA_opt_RMVO_alpha_0_cvarmethod_na,2.0302609047809628,0.17428883724389807,0.08584553681424577
62,mw_0.2_lambda_5_pred_Price MA_opt_RMVO_alpha_0_cvarmethod_na,2.028539008781279,0.14069655755384608,0.06935856640902105
180,mw_0.2_lambda_0_pred_na_opt_cvar_alpha_0.01_cvarmethod_ARIMA-GARCH,2.0272275166535,0.10693170639810268,0.052747757969772956
121,mw_0.2_lambda_1_pred_Decision Tree_opt_RMVO_alpha_0_cvarmethod_na,2.0267471374553376,0.04925356497900827,0.02430178095174127
198,mw_0.8_lambda_0_pred_na_opt_cvar_alpha_0.5_cvarmethod_ARIMA-GARCH,2.0262334855751676,0.15669507357412,0.07733317739028503
61,mw_0.2_lambda_1_pred_Price MA_opt_RMVO_alpha_0_cvarmethod_na,2.0234377372614634,0.15112133810007178,0.07468544018784615
137,mw_0.6000000000000001_lambda_100_pred_Decision Tree_opt_RMVO_alpha_0_cvarmethod_na,2.0232581666680702,0.0894655893394774,0.04421857319711729
60,mw_0.2_lambda_0.5_pred_Price MA_opt_RMVO_alpha_0_cvarmethod_na,2.0229969196896596,0.1514300438651251,0.07485431262463584
102,mw_0.6000000000000001_lambda_0.5_pred_Price MA_opt_MVO_alpha_0_cvarmethod_na,2.017967867053997,0.2252941078005334,0.11164405116590738
31,mw_0.2_lambda_1_pred_Factor Model_opt_MVO_alpha_0_cvarmethod_na,2.017887792355406,0.053233298711347805,0.026380703086176332
36,mw_0.4_lambda_0.5_pred_Factor Model_opt_MVO_alpha_0_cvarmethod_na,2.0136934206748967,0.058946476720530876,0.029272815869247244
63,mw_0.2_lambda_10_pred_Price MA_opt_RMVO_alpha_0_cvarmethod_na,2.000846592440416,0.13103944416405974,0.06549199956615966
64,mw_0.2_lambda_50_pred_Price MA_opt_RMVO_alpha_0_cvarmethod_na,1.9927982147898826,0.11010529795259814,0.05525160406880807
226,mw_0.4_lambda_0_pred_na_opt_cvar_alpha_0.05_cvarmethod_Normal,1.9922584641111432,0.03548793745806187,0.017812918402580362
120,mw_0.2_lambda_0.5_pred_Decision Tree_opt_RMVO_alpha_0_cvarmethod_na,1.9894785217852955,0.05358647161778677,0.026934933466735773
65,mw_0.2_lambda_100_pred_Price MA_opt_RMVO_alpha_0_cvarmethod_na,1.9824410656264344,0.08862431299048215,0.044704639410038466
130,mw_0.4_lambda_50_pred_Decision Tree_opt_RMVO_alpha_0_cvarmethod_na,1.9821406627032787,0.08158439373761345,0.041159739706034384
91,mw_0.2_lambda_1_pred_Price MA_opt_MVO_alpha_0_cvarmethod_na,1.980802658972504,0.09625472439960205,0.04859379805635559
90,mw_0.2_lambda_0.5_pred_Price MA_opt_MVO_alpha_0_cvarmethod_na,1.980395069048898,0.10973148257194452,0.05540888496790897
4,mw_0.2_lambda_50_pred_Factor Model_opt_RMVO_alpha_0_cvarmethod_na,1.965664439015616,0.0588853497642513,0.02995696955973852
0,mw_0.2_lambda_0.5_pred_Factor Model_opt_RMVO_alpha_0_cvarmethod_na,1.9556343667531626,0.057625095863262525,0.02946619104415436
1,mw_0.2_lambda_1_pred_Factor Model_opt_RMVO_alpha_0_cvarmethod_na,1.949124593711146,0.057580833554071405,0.029541894725383933
30,mw_0.2_lambda_0.5_pred_Factor Model_opt_MVO_alpha_0_cvarmethod_na,1.9422206439325993,0.05771957835169171,0.02971834252303146
183,mw_0.8_lambda_0_pred_na_opt_cvar_alpha_0.01_cvarmethod_ARIMA-GARCH,1.9348359917362608,0.14221839724199783,0.07350410983122943
69,mw_0.4_lambda_10_pred_Price MA_opt_RMVO_alpha_0_cvarmethod_na,1.9317527139434258,0.27286296942574406,0.14125150049290172
83,mw_0.8_lambda_100_pred_Price MA_opt_RMVO_alpha_0_cvarmethod_na,1.9283495118938228,0.06370101974722786,0.03303395953603214
16,mw_0.6000000000000001_lambda_50_pred_Factor Model_opt_RMVO_alpha_0_cvarmethod_na,1.9059031668065551,0.04717269969505328,0.02475083756437307
2,mw_0.2_lambda_5_pred_Factor Model_opt_RMVO_alpha_0_cvarmethod_na,1.9026001483202204,0.051632711461685125,0.02713797300356091
142,mw_0.8_lambda_50_pred_Decision Tree_opt_RMVO_alpha_0_cvarmethod_na,1.9023549681756995,0.0795422966068697,0.04181254179032021
75,mw_0.6000000000000001_lambda_10_pred_Price MA_opt_RMVO_alpha_0_cvarmethod_na,1.9015076224225003,0.6299781656700596,0.33130457024804044
128,mw_0.4_lambda_5_pred_Decision Tree_opt_RMVO_alpha_0_cvarmethod_na,1.9011444121210264,0.07081135323814265,0.037246698770842676
222,mw_0.6000000000000001_lambda_0_pred_na_opt_cvar_alpha_0.01_cvarmethod_Normal,1.9010670226903539,0.03978117374835988,0.020925708180483987
66,mw_0.4_lambda_0.5_pred_Price MA_opt_RMVO_alpha_0_cvarmethod_na,1.8961334453461884,0.44080760936180785,0.23247710251813367
185,mw_0.2_lambda_0_pred_na_opt_cvar_alpha_0.05_cvarmethod_ARIMA-GARCH,1.8900491428046862,0.10001815127866444,0.05291828080736846
49,mw_0.8_lambda_1_pred_Factor Model_opt_MVO_alpha_0_cvarmethod_na,1.883994323843429,0.022996580370069918,0.012206289625733007
143,mw_0.8_lambda_100_pred_Decision Tree_opt_RMVO_alpha_0_cvarmethod_na,1.875511810446216,0.06534397057935311,0.03484060735602975
109,mw_0.8_lambda_1_pred_Price MA_opt_MVO_alpha_0_cvarmethod_na,1.8749084090606147,0.09318045602481172,0.049698670918809265
3,mw_0.2_lambda_10_pred_Factor Model_opt_RMVO_alpha_0_cvarmethod_na,1.8684394214136721,0.05140509412184254,0.027512315107839646
156,mw_0.4_lambda_0.5_pred_Decision Tree_opt_MVO_alpha_0_cvarmethod_na,1.8672055337174787,0.07704108048669814,0.04126009648938572
68,mw_0.4_lambda_5_pred_Price MA_opt_RMVO_alpha_0_cvarmethod_na,1.8664583275578621,0.32086105309800544,0.1719090366822339
67,mw_0.4_lambda_1_pred_Price MA_opt_RMVO_alpha_0_cvarmethod_na,1.864898351092589,0.4209778058332265,0.22573766853651195
129,mw_0.4_lambda_10_pred_Decision Tree_opt_RMVO_alpha_0_cvarmethod_na,1.8625160274992685,0.1055406615389973,0.05666563937208253
73,mw_0.6000000000000001_lambda_1_pred_Price MA_opt_RMVO_alpha_0_cvarmethod_na,1.8472815604156219,0.7863885585715058,0.4257004321499184
74,mw_0.6000000000000001_lambda_5_pred_Price MA_opt_RMVO_alpha_0_cvarmethod_na,1.846990440169915,0.7550070165467514,0.4087768946315142
108,mw_0.8_lambda_0.5_pred_Price MA_opt_MVO_alpha_0_cvarmethod_na,1.8359509400933252,0.2773997356953485,0.1510932180362334
82,mw_0.8_lambda_50_pred_Price MA_opt_RMVO_alpha_0_cvarmethod_na,1.829242624841026,0.20374219049960182,0.1113806270052932
72,mw_0.6000000000000001_lambda_0.5_pred_Price MA_opt_RMVO_alpha_0_cvarmethod_na,1.8206410719015,0.7891211185270284,0.4334303618136333
163,mw_0.6000000000000001_lambda_1_pred_Decision Tree_opt_MVO_alpha_0_cvarmethod_na,1.8151364946240693,0.08334982416960898,0.045919314837461554
80,mw_0.8_lambda_5_pred_Price MA_opt_RMVO_alpha_0_cvarmethod_na,1.8089240472084644,1.4582756608655787,0.8061563795981335
29,mw_1.0_lambda_100_pred_Factor Model_opt_RMVO_alpha_0_cvarmethod_na,1.805953527045888,0.01299461107503745,0.00719542938421763
42,mw_0.6000000000000001_lambda_0.5_pred_Factor Model_opt_MVO_alpha_0_cvarmethod_na,1.8047040570861208,0.057898425295230746,0.03208194998392904
220,mw_0.2_lambda_0_pred_na_opt_cvar_alpha_0.01_cvarmethod_Normal,1.8031324075407194,0.040182093543939625,0.022284605043921164
81,mw_0.8_lambda_10_pred_Price MA_opt_RMVO_alpha_0_cvarmethod_na,1.7914387247510213,1.0083873548786928,0.5628924623245716
132,mw_0.6000000000000001_lambda_0.5_pred_Decision Tree_opt_RMVO_alpha_0_cvarmethod_na,1.781645430494879,0.12319881566605527,0.0691488966083644
79,mw_0.8_lambda_1_pred_Price MA_opt_RMVO_alpha_0_cvarmethod_na,1.7739949796139232,1.3494347021258453,0.7606756037266377
134,mw_0.6000000000000001_lambda_5_pred_Decision Tree_opt_RMVO_alpha_0_cvarmethod_na,1.7719094846808117,0.12067588839021419,0.0681049960133559
175,mw_1.0_lambda_1_pred_Decision Tree_opt_MVO_alpha_0_cvarmethod_na,1.7459024594434631,0.05413691764740754,0.031007985213941804
169,mw_0.8_lambda_1_pred_Decision Tree_opt_MVO_alpha_0_cvarmethod_na,1.745485177128337,0.08096370214441148,0.04638464033112703
78,mw_0.8_lambda_0.5_pred_Price MA_opt_RMVO_alpha_0_cvarmethod_na,1.7411073382009556,1.304120377720592,0.7490177940827636
145,mw_1.0_lambda_1_pred_Decision Tree_opt_RMVO_alpha_0_cvarmethod_na,1.7406013496627881,0.09604243608638117,0.05517773274448383
126,mw_0.4_lambda_0.5_pred_Decision Tree_opt_RMVO_alpha_0_cvarmethod_na,1.736637916381982,0.08466691835927159,0.04875335126602677
136,mw_0.6000000000000001_lambda_50_pred_Decision Tree_opt_RMVO_alpha_0_cvarmethod_na,1.735092586715586,0.10824263384607809,0.062384356128783965
89,mw_1.0_lambda_100_pred_Price MA_opt_RMVO_alpha_0_cvarmethod_na,1.730110147237547,0.05197474026260434,0.03004128976735498
127,mw_0.4_lambda_1_pred_Decision Tree_opt_RMVO_alpha_0_cvarmethod_na,1.7246133352777007,0.06955451985939418,0.040330501009488234
86,mw_1.0_lambda_5_pred_Price MA_opt_RMVO_alpha_0_cvarmethod_na,1.7111339081778927,2.3108142215591543,1.3504578516709036
87,mw_1.0_lambda_10_pred_Price MA_opt_RMVO_alpha_0_cvarmethod_na,1.7035651280356723,1.3345805843371494,0.7834044982336617
85,mw_1.0_lambda_1_pred_Price MA_opt_RMVO_alpha_0_cvarmethod_na,1.7004956459856038,2.002565718622458,1.1776364869559988
55,mw_1.0_lambda_1_pred_Factor Model_opt_MVO_alpha_0_cvarmethod_na,1.6827379583449318,0.015182876611887617,0.009022721889996964
115,mw_1.0_lambda_1_pred_Price MA_opt_MVO_alpha_0_cvarmethod_na,1.6793555070232442,0.07495843379357449,0.0446352386258242
84,mw_1.0_lambda_0.5_pred_Price MA_opt_RMVO_alpha_0_cvarmethod_na,1.6734331299216674,1.7994401696271656,1.0752985210179247
149,mw_1.0_lambda_100_pred_Decision Tree_opt_RMVO_alpha_0_cvarmethod_na,1.673223405472577,0.0776186451732786,0.0463886919818435
224,mw_1.0_lambda_0_pred_na_opt_cvar_alpha_0.01_cvarmethod_Normal,1.6730857318732963,0.03041056589486586,0.01817633449112987
168,mw_0.8_lambda_0.5_pred_Decision Tree_opt_MVO_alpha_0_cvarmethod_na,1.6588107527838627,0.09408023074790886,0.05671546955553596
22,mw_0.8_lambda_50_pred_Factor Model_opt_RMVO_alpha_0_cvarmethod_na,1.6568495166628547,0.035396931449400204,0.0213639990194734
114,mw_1.0_lambda_0.5_pred_Price MA_opt_MVO_alpha_0_cvarmethod_na,1.6545794404190017,0.24602670650326197,0.14869440565571077
88,mw_1.0_lambda_50_pred_Price MA_opt_RMVO_alpha_0_cvarmethod_na,1.6403381091366405,0.16617954518345077,0.10130810487047459
221,mw_0.4_lambda_0_pred_na_opt_cvar_alpha_0.01_cvarmethod_Normal,1.639863350591847,0.03496433923476343,0.021321495612512082
140,mw_0.8_lambda_5_pred_Decision Tree_opt_RMVO_alpha_0_cvarmethod_na,1.6392509068330434,0.1287956860686615,0.07856984280550974
223,mw_0.8_lambda_0_pred_na_opt_cvar_alpha_0.01_cvarmethod_Normal,1.6392373775765814,0.03650443550319705,0.02226915759886133
148,mw_1.0_lambda_50_pred_Decision Tree_opt_RMVO_alpha_0_cvarmethod_na,1.6213867851763188,0.19526730564797626,0.12043227898070094
135,mw_0.6000000000000001_lambda_10_pred_Decision Tree_opt_RMVO_alpha_0_cvarmethod_na,1.6091971673616583,0.09724124209036354,0.060428419874610124
162,mw_0.6000000000000001_lambda_0.5_pred_Decision Tree_opt_MVO_alpha_0_cvarmethod_na,1.5912445804113458,0.09270632461075341,0.0582602610258621
174,mw_1.0_lambda_0.5_pred_Decision Tree_opt_MVO_alpha_0_cvarmethod_na,1.5894736570947352,0.06166566913037344,0.03879628256506428
133,mw_0.6000000000000001_lambda_1_pred_Decision Tree_opt_RMVO_alpha_0_cvarmethod_na,1.575519883133824,0.08199146642598978,0.052040896026588235
48,mw_0.8_lambda_0.5_pred_Factor Model_opt_MVO_alpha_0_cvarmethod_na,1.571166913471954,0.04595478789772301,0.029248826145512722
9,mw_0.4_lambda_10_pred_Factor Model_opt_RMVO_alpha_0_cvarmethod_na,1.5540294078453842,0.09197761814355408,0.059186536418946105
225,mw_0.2_lambda_0_pred_na_opt_cvar_alpha_0.05_cvarmethod_Normal,1.5466113715443472,0.03922095360773674,0.025359281801072754
138,mw_0.8_lambda_0.5_pred_Decision Tree_opt_RMVO_alpha_0_cvarmethod_na,1.544823664970301,0.10964378721853213,0.07097495313203919
141,mw_0.8_lambda_10_pred_Decision Tree_opt_RMVO_alpha_0_cvarmethod_na,1.543307975175157,0.07213810834378694,0.04674252288212251
227,mw_0.6000000000000001_lambda_0_pred_na_opt_cvar_alpha_0.05_cvarmethod_Normal,1.4948197074219312,0.03220923865504827,0.021547239774219015
8,mw_0.4_lambda_5_pred_Factor Model_opt_RMVO_alpha_0_cvarmethod_na,1.4909317641589526,0.08175142418667497,0.05483243844683371
28,mw_1.0_lambda_50_pred_Factor Model_opt_RMVO_alpha_0_cvarmethod_na,1.4775150638489576,0.023215710169962142,0.01571267240381613
144,mw_1.0_lambda_0.5_pred_Decision Tree_opt_RMVO_alpha_0_cvarmethod_na,1.438817876406409,0.10039230708555866,0.06977415886456627
15,mw_0.6000000000000001_lambda_10_pred_Factor Model_opt_RMVO_alpha_0_cvarmethod_na,1.4362533462518354,0.09287227400474622,0.06466287737265387
54,mw_1.0_lambda_0.5_pred_Factor Model_opt_MVO_alpha_0_cvarmethod_na,1.3993742311364081,0.03055174924923286,0.021832436648788582
6,mw_0.4_lambda_0.5_pred_Factor Model_opt_RMVO_alpha_0_cvarmethod_na,1.3920417820546414,0.08324147197801873,0.05979811313935926
146,mw_1.0_lambda_5_pred_Decision Tree_opt_RMVO_alpha_0_cvarmethod_na,1.3882915522435495,0.07347804427918012,0.05292695483195577
7,mw_0.4_lambda_1_pred_Factor Model_opt_RMVO_alpha_0_cvarmethod_na,1.3805252117121594,0.08387834725245191,0.060758287165523076
139,mw_0.8_lambda_1_pred_Decision Tree_opt_RMVO_alpha_0_cvarmethod_na,1.3726818397090188,0.06296258169178212,0.045868299463427686
147,mw_1.0_lambda_10_pred_Decision Tree_opt_RMVO_alpha_0_cvarmethod_na,1.3503376654360748,0.09237620004362333,0.06840970403783529
21,mw_0.8_lambda_10_pred_Factor Model_opt_RMVO_alpha_0_cvarmethod_na,1.3027172997203944,0.08703377709550199,0.06680941222948546
14,mw_0.6000000000000001_lambda_5_pred_Factor Model_opt_RMVO_alpha_0_cvarmethod_na,1.2775186247298989,0.09632407496264869,0.07539935081808623
27,mw_1.0_lambda_10_pred_Factor Model_opt_RMVO_alpha_0_cvarmethod_na,1.1625609695121322,0.08787142771539304,0.07558436075165005
13,mw_0.6000000000000001_lambda_1_pred_Factor Model_opt_RMVO_alpha_0_cvarmethod_na,1.1473619669087927,0.11700479265271349,0.10197722778622882
12,mw_0.6000000000000001_lambda_0.5_pred_Factor Model_opt_RMVO_alpha_0_cvarmethod_na,1.1148478194910514,0.11937516033820023,0.10707753852243007
20,mw_0.8_lambda_5_pred_Factor Model_opt_RMVO_alpha_0_cvarmethod_na,1.1078655749525637,0.1047152698045981,0.09451983360804561
26,mw_1.0_lambda_5_pred_Factor Model_opt_RMVO_alpha_0_cvarmethod_na,1.0023180897033566,0.10460664270488632,0.1043647159314918
19,mw_0.8_lambda_1_pred_Factor Model_opt_RMVO_alpha_0_cvarmethod_na,0.9878642995616045,0.1323651701064199,0.13399124775048665
18,mw_0.8_lambda_0.5_pred_Factor Model_opt_RMVO_alpha_0_cvarmethod_na,0.9812013659068215,0.13985281062702487,0.1425322217094282
25,mw_1.0_lambda_1_pred_Factor Model_opt_RMVO_alpha_0_cvarmethod_na,0.8573186241433115,0.13744569723950634,0.16032043789653003
24,mw_1.0_lambda_0.5_pred_Factor Model_opt_RMVO_alpha_0_cvarmethod_na,0.8557108022623037,0.14178582320381658,0.1656936231597957
212,mw_0.6000000000000001_lambda_0_pred_na_opt_cvar_alpha_0.1_cvarmethod_Historical,0.0,0.0,0.0010526663641750966
213,mw_0.8_lambda_0_pred_na_opt_cvar_alpha_0.1_cvarmethod_Historical,0.0,0.0,0.0007430783775869981
214,mw_1.0_lambda_0_pred_na_opt_cvar_alpha_0.1_cvarmethod_Historical,0.0,0.0,0.0010571439885039907
215,mw_0.2_lambda_0_pred_na_opt_cvar_alpha_0.5_cvarmethod_Historical,0.0,0.0,0.0007430783775869981
216,mw_0.4_lambda_0_pred_na_opt_cvar_alpha_0.5_cvarmethod_Historical,0.0,0.0,0.0007430783775869981
217,mw_0.6000000000000001_lambda_0_pred_na_opt_cvar_alpha_0.5_cvarmethod_Historical,0.0,0.0,0.0007430783775869981
218,mw_0.8_lambda_0_pred_na_opt_cvar_alpha_0.5_cvarmethod_Historical,0.0,0.0,0.0007430783775869981
219,mw_1.0_lambda_0_pred_na_opt_cvar_alpha_0.5_cvarmethod_Historical,0.0,0.0,0.0007430783775869981
211,mw_0.4_lambda_0_pred_na_opt_cvar_alpha_0.1_cvarmethod_Historical,0.0,0.0,0.0022496776526192814
206,mw_0.4_lambda_0_pred_na_opt_cvar_alpha_0.05_cvarmethod_Historical,0.0,0.0,0.002080032732137813
205,mw_0.2_lambda_0_pred_na_opt_cvar_alpha_0.05_cvarmethod_Historical,0.0,0.0,0.0019496714331567859
200,mw_0.2_lambda_0_pred_na_opt_cvar_alpha_0.01_cvarmethod_Historical,0.0,0.0,0.0023835082262749024
199,mw_1.0_lambda_0_pred_na_opt_cvar_alpha_0.5_cvarmethod_ARIMA-GARCH,0.0,0.0,0.0026449438107625425
210,mw_0.2_lambda_0_pred_na_opt_cvar_alpha_0.1_cvarmethod_Historical,0.0,0.0,0.00241018751276909
